She wins the internet today...,,2248,2018-10-05 02:30:17,The_Donald,BannedUSSR_2,https://i.redd.it/iurnipojs9q11.jpg,/r/The_Donald/comments/9lhywb/she_wins_the_internet_today/,9lhywb,Let's get it right.  They are not protestors.  They are agitators and there numbers are small.  That is why they took over the Hart building.  The Fake media can fake the very little impact these agitators are having.,CA[deleted],97,2018-10-04 21:38:12
Where was Ford's family??,,2792,2018-10-05 01:05:10,The_Donald,basedBlumpkin,https://i.redd.it/80akn4mbd9q11.jpg,/r/The_Donald/comments/9lhcd0/where_was_fords_family/,9lhcd0,At home not wanting anything to do with her,CA[deleted],313,2018-10-04 21:38:13
BASED James O' Keefe Reminds Us of the Ridiculous Double Standard with Which Liberal and Conservative Protesters are Treated,,3466,2018-10-04 23:23:15,The_Donald,ZWass777,https://i.redd.it/gy8wraayu8q11.jpg,/r/The_Donald/comments/9lgk93/based_james_o_keefe_reminds_us_of_the_ridiculous/,9lgk93,Meanwhile omarosa,CA[deleted],233,2018-10-04 21:38:18
Decent cartoon.,,3731,2018-10-04 22:57:43,The_Donald,freedombonerz,https://i.redd.it/79n880mmq8q11.jpg,/r/The_Donald/comments/9lgcmb/decent_cartoon/,9lgcmb,She needs a Blackberry and a hammer to complete the costume.,CA[deleted],136,2018-10-04 21:38:18
"""Blurred lines""",,2200,2018-10-05 01:03:47,The_Donald,CHAD_J_THUNDERCOCK,https://i.redd.it/2ac1s8yyc9q11.png,/r/The_Donald/comments/9lhc0x/blurred_lines/,9lhc0x,Do these people actually read evidence? Multiple women? Give me a break. Only the truly retarded believe the 2nd and 3rd accusers. ,CA[deleted],267,2018-10-04 21:38:19
Rochester MN rally I found the protesters! What do I win?,,4964,2018-10-04 21:24:47,The_Donald,Good_Behavior_Day,https://i.redd.it/hp1g492t98q11.jpg,/r/The_Donald/comments/9lfk5u/rochester_mn_rally_i_found_the_protesters_what_do/,9lfk5u,Soros is running out of money I guess.,CA[deleted],87,2018-10-04 21:38:22
Republican Senator reveals it was the Democrats that prohibited multiple copies of the FBI‚Äôs Kavanaugh Report from being printed,,3823,2018-10-04 22:16:22,The_Donald,TexasMexican,http://nationalistreview.net/2018/10/04/video-republican-senator-reveals-it-was-the-democrats-that-prohibited-multiple-copies-of-the-fbis-kavanaugh-report-from-being-printed/,/r/The_Donald/comments/9lg0d0/republican_senator_reveals_it_was_the_democrats/,9lg0d0,"TL;DR, since a lot of people aren't reading the article.

The limitation to a single copy of the background investigation report dates back to 2009, during the Obama administration when Democrats controlled Congress and the Judiciary Committee.

Here's the Memorandum of Understanding:

http://nationalistreview.net/wp-content/uploads/2018/10/BI-MOU.pdf",CA[deleted],158,2018-10-04 21:38:24
MFW Kavanaugh gets confirmed...,,3842,2018-10-04 22:05:11,The_Donald,ThisShitisBannanas,https://v.redd.it/bfc4fml3h8q11,/r/The_Donald/comments/9lfwo0/mfw_kavanaugh_gets_confirmed/,9lfwo0,Perfect gif usage. ,CA[deleted],181,2018-10-04 21:38:25
I mean....how can you not love the guy?,,4155,2018-10-04 22:01:57,The_Donald,krobinson_3232,https://i.redd.it/qv7e0qbog8q11.jpg,/r/The_Donald/comments/9lfvqf/i_meanhow_can_you_not_love_the_guy/,9lfvqf,"Wow, he's looking a lot like Reagan in this pic.",CA[deleted],133,2018-10-04 21:38:26
"RIP in peace, sides.",,1662,2018-10-05 02:11:32,The_Donald,gekkozorz,https://i.redd.it/zwc6b7i6p9q11.jpg,/r/The_Donald/comments/9lhu4u/rip_in_peace_sides/,9lhu4u,"Roses are red

Violets are blue

Threatening senators

Will end badly for you",CA[deleted],84,2018-10-04 21:38:27
Fun Dip Orrin Hatch üòÇ,,5558,2018-10-04 20:19:18,The_Donald,MichaelRock3,https://i.redd.it/kz99bd5dy7q11.jpg,/r/The_Donald/comments/9lez6y/fun_dip_orrin_hatch/,9lez6y,It is real... man this timeline... [https://twitter.com/KyleKashuv/status/1047877679385534464](https://twitter.com/KyleKashuv/status/1047877679385534464) ,CA[deleted],842,2018-10-04 21:38:28
"Eat Your Heart Out, Amy Schumer",,1547,2018-10-05 02:07:15,The_Donald,Maymay4america,https://i.redd.it/366oazz3o9q11.jpg,/r/The_Donald/comments/9lhsym/eat_your_heart_out_amy_schumer/,9lhsym,This is what the founding fathers envisioned.,CA[deleted],223,2018-10-04 21:38:30
Rosa Porks,,2591,2018-10-04 22:48:15,The_Donald,bane187,http://magaimg.net/img/6ckg.jpg,/r/The_Donald/comments/9lg9y2/rosa_porks/,9lg9y2,Malcom XXL,CA[deleted],322,2018-10-04 21:38:31
It's coming folks! The Red ~WAVE~ Tsunami,,2679,2018-10-04 22:43:14,The_Donald,FabianWolfgang,https://i.redd.it/d1322s7dn8q11.jpg,/r/The_Donald/comments/9lg8iy/its_coming_folks_the_red_wave_tsunami/,9lg8iy,Best use of this sexist meme ever! Well done pede! ,CA[deleted],82,2018-10-04 21:38:32
"This fucking Patriot will have stood in line for 27.5 hours to see President Trump in Rochester, Minnesota",,2441,2018-10-04 23:00:54,The_Donald,a-non-y-m-o-us,https://imgur.com/jFthlAB.jpg,/r/The_Donald/comments/9lgdjw/this_fucking_patriot_will_have_stood_in_line_for/,9lgdjw,THATS MY BUDDY KEVIN!!!!!! ,CA[deleted],100,2018-10-04 21:38:33
"As long as I live, I will never forget the way the Democrats have treated the Kavanaughs. I will pray that they be blessed abundantly each day for the rest of their lives.",,1706,2018-10-05 00:48:02,The_Donald,realCatholicgirl,https://i.redd.it/fvu83l20a9q11.jpg,/r/The_Donald/comments/9lh7y3/as_long_as_i_live_i_will_never_forget_the_way_the/,9lh7y3,"Nobody gave a shit when he was working with President Bush, nor with his 6 FBI investigations, funny that.",CA[deleted],57,2018-10-04 21:38:36
FOR IMMEDIATE RELEASE: Hyatt Hotels to Millions of Conservatives: You‚Äôre Not Welcome at Our Hotels.,,1175,2018-10-05 02:50:45,The_Donald,TupolevTu-95,https://i.redd.it/h2p3jd25w9q11.jpg,/r/The_Donald/comments/9li42x/for_immediate_release_hyatt_hotels_to_millions_of/,9li42x,"I hate to break this to them, but aren't 90% of business travelers conservative?

They aren't going to like how this ends.",CA[deleted],184,2018-10-04 21:38:36
"I've never voted in a midterm election or donated to a political campaign. This year, I'm doing both in hopes of voting out PA Dem Senator Bob Casey Jr. Kavanaugh was the final straw for me. #MyBallotIsALLRed",,2043,2018-10-04 23:44:46,The_Donald,BrokeButNotDefeated,https://i.redd.it/staiax6oy8q11.jpg,/r/The_Donald/comments/9lgqc6/ive_never_voted_in_a_midterm_election_or_donated/,9lgqc6,"Correct me if I'm wrong, but I believe Trump won PA by around 60k votes in 2016. It just so happens that there was 60k Amish that voted. People in PA need to organize transportion for those  60k amish again",CA[deleted],43,2018-10-04 21:38:38
Tick tick...,,1916,2018-10-04 23:44:58,The_Donald,JackuvAllTirades,https://i.redd.it/dny7zgp1z8q11.jpg,/r/The_Donald/comments/9lgqe2/tick_tick/,9lgqe2,I think he should just use that instead of Twitter to talk to us!!,CA[deleted],55,2018-10-04 21:38:38
"North Dakota pedes... Sen Heitkamp is voting NO on Kavanaugh. This November 6th, make sure she pays by voting for Republican Candidate Kevin Cramer. #MyBallotIsALLRed",,4184,2018-10-04 19:56:22,The_Donald,BrokeButNotDefeated,https://i.redd.it/abw5yw2wt7q11.png,/r/The_Donald/comments/9lert7/north_dakota_pedes_sen_heitkamp_is_voting_no_on/,9lert7,Kiss of death if she votes no in that red state.,CA[deleted],182,2018-10-04 21:38:39
One is protected the other one is a crime,,1125,2018-10-05 02:33:28,The_Donald,cholo888,https://i.redd.it/3ks4ua24t9q11.png,/r/The_Donald/comments/9lhzpg/one_is_protected_the_other_one_is_a_crime/,9lhzpg,And don‚Äôt ever take over an abandoned wildlife refuge to protest government overreach and tyrannical regulatory practices and gestapo tactics from agencies like BLM or you will be forever vilified by the left as domestic terrorist and murdered by the FBI. ,CA[deleted],25,2018-10-04 21:38:40
"WATCH PARTY: President Trump Rally - Rochester, Minnesota - 10/4/18","#Rally has ended, see below for videos.

**Next Rally**: There are THREE MORE RALLIES scheduled!! See Details: https://www.donaldjtrump.com/rallies

---
---

President Donald J. Trump is holding a MAGA Rally tonight in Rochester, MN in support of Minnesota Republican candidates.

> Just made my second stop in Minnesota for a MAKE AMERICA GREAT AGAIN rally. We need to elect @KarinHousley to the U.S. Senate, and we need the strong leadership of @TomEmmer, @Jason2CD, @JimHagedornMN and @PeteStauber in the U.S. House! - @realDonaldTrump

* **Minnesota Citizens - [REGISTER TO VOTE](https://mnvotes.sos.state.mn.us/VoterRegistration/VoterRegistrationMain.aspx?ref=voteusa)**

* Elect Karin Housley to US Senate - www.housleyforsenate.com
* Elect Jim Hagedorn to US House (MN, 1st District) - www.jimhagedorn.org
* Elect Jason Lewis to US House (MN, 2nd District) - www.jasonformn.com
* Elect Tom Emmer to US House (MN, 6th District) - www.emmerforcongress.com
* Elect Pete Stauber to US House (MN, 8th District) - www.petestauberforcongress.com

---

The rally is taking place at the Mayo Civic Center, with capacity of 7,200+. 

* 4:30pm ET - Doors open
* 7:30pm ET - POTUS scheduled to speak

**Join the Official The_Donald Discord for added watch party high energy... https://discord.gg/PxT64vv**

---
---

**LIVESTREAMS / VIDEOS:**

* [**RSBN** - Right Side Broadcasting Network](https://www.youtube.com/watch?v=WRn0He9scCg)
* [Fox News](https://www.youtube.com/watch?v=-R8l8Inx_28)
* [Golden State Times](https://www.youtube.com/watch?v=GlXift49Lik)
* [CBS News](https://www.youtube.com/watch?v=RG1zVGz2ZCI)
* [C-SPAN.org](https://www.c-span.org/video/?452500-1/president-trump-campaigns-republicans-rochester-minnesota)",3389,2018-10-04 21:07:27,The_Donald,US2A,https://www.reddit.com/r/The_Donald/comments/9lfeoe/watch_party_president_trump_rally_rochester/,/r/The_Donald/comments/9lfeoe/watch_party_president_trump_rally_rochester/,9lfeoe,"Long time lurker coming out of hiding, and checking in from the rally floor. Hi friends.",CA[deleted],104,2018-10-04 21:38:41
GOP senators hold press conference on Kavanaugh nomination,,4448,2018-10-04 19:37:51,The_Donald,Sea_Still,https://www.youtube.com/watch?v=t9PX0qaY5XY,/r/The_Donald/comments/9lelux/gop_senators_hold_press_conference_on_kavanaugh/,9lelux,We NEED to have Clarence Thomas swear in Kavanaugh,CA[deleted],190,2018-10-04 21:38:44
Glenn Danzig: Democrats are fascists disguised as liberals | City Pages,,2434,2018-10-04 22:07:23,The_Donald,JoeXdelete,http://www.citypages.com/music/glenn-danzig-democrats-are-fascists-disguised-as-liberals-6638248,/r/The_Donald/comments/9lfxfu/glenn_danzig_democrats_are_fascists_disguised_as/,9lfxfu,">My view on Democrats is that they're fascists disguised as liberals, or liberal moderates. You're not allowed to say anything that they don't agree with. You're not allowed to do anything. Also, the whole Obama, ""I can kill anybody with a drone with no trial,"" is kind of disturbing. I'm surprised that more people who are supposedly liberal aren't more disturbed by it. I think whatever Obama does is OK with them, because he's Obama. It's bullshit.

üëå",CA[deleted],166,2018-10-04 21:38:47
911? I‚Äôd like to report a 3rd degree burn.,,9452,2018-10-04 16:45:41,The_Donald,nate4761,https://i.redd.it/6bzypj29w6q11.jpg,/r/The_Donald/comments/9ld1yq/911_id_like_to_report_a_3rd_degree_burn/,9ld1yq,That is a very explicit threat.,CA[deleted],627,2018-10-04 21:38:48
AMA Announcement - Steven Crowder of Louder With Crowder fame! - Next Tuesday 10/9 @6PM ET,"Steven Crowder, creator of Louder With Crowder, originally drew the attention of most of The_Donald with the savage verbal beating of [Trigglypuff](https://www.youtube.com/watch?v=oss7KmiHLmA&t=5s), and kept thousands of us on as weekly (some daily with [Mugclub](http://louderwithcrowder.com/mugclub/)) viewers. His most recent claim to fame are the (pee is stored in the balls) [Change My Mind](https://www.youtube.com/watch?v=ur1bjqQ5ceA) series, in which we get to watch leftists make claims such as ""Liberal ideology is so nuanced that liberals can't explain it [or understand why they believe it].""

If you aren't familiar with Louder With Crowder already, give them a watch on Youtube (or even follow the Twitter to know when to catch the Thursday live show tonight)!

Crowder can be found on his website as well as social media through the following links:

YouTube : https://www.youtube.com/user/StevenCrowder/videos

Website : https://www.louderwithcrowder.com

Instagram : https://www.instagram.com/louderwithcrowder/

Twitter : https://twitter.com/scrowder",5046,2018-10-04 18:25:58,The_Donald,shadowman3001,https://www.reddit.com/r/The_Donald/comments/9ldyu0/ama_announcement_steven_crowder_of_louder_with/,/r/The_Donald/comments/9ldyu0/ama_announcement_steven_crowder_of_louder_with/,9ldyu0,IMPRESSIVE,CA[deleted],134,2018-10-04 21:38:50
"Hirono Says to Believe Accusers, Silent When 9 Women Accused Her Mentor",,1787,2018-10-04 23:19:36,The_Donald,ENVYNITAZ,https://www.westernjournal.com/ct/hirono-says-believe-accusers-silent-9-women-accused-mentor/?utm_source=Email&utm_medium=WJBreaking&utm_campaign=ct-breaking&utm_content=western-journal,/r/The_Donald/comments/9lgj8g/hirono_says_to_believe_accusers_silent_when_9/,9lgj8g,I'm from Hawaii. You cannot do shit here to get a republican in. There are corner standing sign waving degenerates on every street corner of the state promising hand outs during the elections. Now we have a fucking billion dollar plus in-the-red rail to nowhere being slowly built across the island and no chance of stopping it from becoming the political handout of the century. About the best we can do is Tulsi Gabbard and even she is retarded on half the items going on.,CA[deleted],43,2018-10-04 21:38:52
"Grassley views FBI Kavanaugh file, says it doesn't corroborate Ford claims",,7548,2018-10-04 17:02:49,The_Donald,SquishyMonster,https://www.foxnews.com/politics/grassley-views-fbi-kavanaugh-file-says-it-doesnt-corroborate-ford-claims,/r/The_Donald/comments/9ld7iu/grassley_views_fbi_kavanaugh_file_says_it_doesnt/,9ld7iu,Her lies weren‚Äôt built Ford tough.,CA[deleted],1011,2018-10-04 21:38:53
"The Baffling Entitlement of Psycho Ford EXPOSED: It turns out that Leland Keyser, one of three witnesses called on by Psycho Ford before the hearing, HAS BARELY KNOWN HER AND WAS ""THROWN UNDER THE BUS"" WHEN HER NAME WAS ALL OVER THE MEDIA",,2772,2018-10-04 21:06:26,The_Donald,derangedwinchester,https://www.breitbart.com/big-government/2018/10/04/relative-says-christine-blasey-ford-threw-witness-leland-keyser-under-bus/,/r/The_Donald/comments/9lfebt/the_baffling_entitlement_of_psycho_ford_exposed/,9lfebt,"I think the conniving Blasey Ford SPECIFICALLY chose to use Leland Keyser as a potential witness because she knew she is suffering from some illness.

The way Blasey Ford mentioned that in the hearing was quite off-putting, using it as an excuse as to why Leland can't remember the party.",CA[deleted],161,2018-10-04 21:38:55
Big line for trump in Rochester,,4016,2018-10-04 19:19:29,The_Donald,isaac-zerke,https://i.redd.it/b7qijbmon7q11.jpg,/r/The_Donald/comments/9leful/big_line_for_trump_in_rochester/,9leful,"WE ARE ON OUR WAY FROM GLENCOE, MN!  GREAT to see the HUGE line forming already üëçüèªüá∫üá∏",CA[deleted],117,2018-10-04 21:38:56
"This is Feinstein just after she read the new Kavanaugh report. Something went very, very wrong......",,6938,2018-10-04 17:06:14,The_Donald,mrowari,https://v.redd.it/nx2z5vdfz6q11,/r/The_Donald/comments/9ld8fu/this_is_feinstein_just_after_she_read_the_new/,9ld8fu,They know she leaked the letter.   Shes worried.   ,CA[deleted],1200,2018-10-04 21:38:57
"Conor Mcgregor exposes Muslim opponents manager as Radical Islamic Terrosit informant, and Khabib‚Äôs ties to Radical Islamic Dictatorship of Chechnya.",,1274,2018-10-05 00:46:09,The_Donald,XThreeFiveSeven,https://clarionproject.org/radical-islam-and-the-ultimate-fighting-championship/,/r/The_Donald/comments/9lh7ew/conor_mcgregor_exposes_muslim_opponents_manager/,9lh7ew,"Careful Conor, don't get Tommy Robbed.",CA[deleted],129,2018-10-04 21:38:59
"If you're a Democrat watching Lindsey Graham stop an interview cold, spin around and WREK a liberal protester into silence on national TV with a line about a WITCH -- you have to be thinking: 'What in sweet Hell have we unleashed on ourselves?",,5473,2018-10-04 17:46:28,The_Donald,xcat11onetee,https://v.redd.it/qvt55qjz67q11,/r/The_Donald/comments/9ldltu/if_youre_a_democrat_watching_lindsey_graham_stop/,9ldltu,Lindsey Graham is on fire. ,CA[deleted],194,2018-10-04 21:39:00
So I'm an actor and I post about men's rights and Trump on twitter. Someone just tracked down my IMBD and CALLED MY AGENT TO REPORT ME FOR HATE SPEECH.,"Wow. So I have a twitter, @MRAhollywood, along with a youtube and blog, where I write about political and gender issues. I wouldn't even consider myself strictly conservative, but am obviously strongly anti-SJW. Anyway, I use my headshot as my twitter picture, and my agent just called me and said he got a phone call about me, and someone was saying I was posting ""hate speech."" IMO I'm very fair minded and reasonable- strongly opinionated perhaps, but I stand by what I say. There is NOTHING hateful on my twitter account. 

This is pure fascist tactics, a la brownshirts. Now they are throwing a violent riot in the Senate offices...it feels as if they know they are losing and getting desperate.

Crazy times, but we will win.",2562,2018-10-04 21:10:12,The_Donald,BlueOrange22,https://www.reddit.com/r/The_Donald/comments/9lffkl/so_im_an_actor_and_i_post_about_mens_rights_and/,/r/The_Donald/comments/9lffkl/so_im_an_actor_and_i_post_about_mens_rights_and/,9lffkl,"Tell your agent to have them leave their details.

Then file a police report on them",CA[deleted],543,2018-10-04 21:39:02
"#WalkAway San Francisco Attorney walks away...""The Kavanaugh debacle was the last straw. I am a lifelong Democrat and the proud mother of sons. Watching these soulless beings ruin man's life ...",,918,2018-10-05 02:34:45,The_Donald,BrutalTruth101,https://streamable.com/r1sen,/r/The_Donald/comments/9li01y/walkaway_san_francisco_attorney_walks_awaythe/,9li01y,"The Kavanaugh debacle was the last straw. I am an attorney, a woman, a lifelong Democrat and the proud mother of sons. Watching these soulless beings ruin a man's life in the name of power just brought me to the edge. Dr. Ford is believable, inasmuch as I think something happened to her, but she is being used in a craven and contemptuous manner by her party. 
",CA[deleted],56,2018-10-04 21:39:03
Boom,,4230,2018-10-04 18:39:29,The_Donald,MadLibAdLib,https://i.redd.it/wfxelrcjg7q11.jpg,/r/The_Donald/comments/9le326/boom/,9le326,And thats with the media working against him 24/7.  Amazing job Mr. President!,CA[deleted],115,2018-10-04 21:39:04
"This is now the 7th. time the FBI has investigated Judge Kavanaugh. If we made it 100, it would still not be good enough for the Obstructionist Democrats.",,11498,2018-10-04 15:19:51,The_Donald,lagspike,https://twitter.com/realDonaldTrump/status/1047853098365079553,/r/The_Donald/comments/9lcb7n/this_is_now_the_7th_time_the_fbi_has_investigated/,9lcb7n,"Lets all give a shout out to the Creepy Porn Lawyer.

CPL was the best thing that happened for the Kavanaugh camp other than his statement at the Thursday hearing.

In the midst of the Ford allegation, CPL started pushing a farce and then put his client on NBC to contradict her originally story, thus resulting in a public perception shift against Ford.

**THANK YOU CPL!!!**",CA[deleted],639,2018-10-04 21:39:05
"If the Kavanaugh nomination fails, Donald Trump ‚Äòwins‚Äô the midterms. If Kavanaugh is confirmed, Donald Trump reshapes SCOTUS for a generation. Your move Democrat‚Äôs.",,1393,2018-10-04 23:47:14,The_Donald,BerneseTerror,https://i.redd.it/me8bsomgz8q11.jpg,/r/The_Donald/comments/9lgr1l/if_the_kavanaugh_nomination_fails_donald_trump/,9lgr1l,So. Much. Winning. ,CA[deleted],58,2018-10-04 21:39:06
